{
  "info": {
    "_postman_id": "649a13a7-630a-41de-a126-8b948ef45af4",
    "name": "online-food-delivery-system",
    "schema": "https://schema.getpostman.com/json/collection/v2.1.0/collection.json",
    "_exporter_id": "36613115"
  },
  "item": [
    {
      "name": "restaurants",
      "item": [
        {
          "name": "menu_items",
          "item": [
            {
              "name": "restaurant-add-menu_items",
              "request": {
                "method": "GET",
                "header": []
              },
              "response": []
            },
            {
              "name": "restaurant-get-all-menu_item_images",
              "request": {
                "method": "GET",
                "header": []
              },
              "response": []
            },
            {
              "name": "restaurant-get-menuItems",
              "request": {
                "method": "GET",
                "header": []
              },
              "response": []
            },
            {
              "name": "restaurant-menu_item-update",
              "request": {
                "method": "GET",
                "header": []
              },
              "response": []
            },
            {
              "name": "New Request",
              "request": {
                "method": "GET",
                "header": []
              },
              "response": []
            }
          ]
        },
        {
          "name": "orders",
          "item": [
            {
              "name": "restaurant-get-orders",
              "request": {
                "method": "GET",
                "header": []
              },
              "response": []
            },
            {
              "name": "restaurant-status-update",
              "request": {
                "method": "GET",
                "header": []
              },
              "response": []
            }
          ]
        },
        {
          "name": "restaurants-add",
          "request": {
            "method": "GET",
            "header": []
          },
          "response": []
        },
        {
          "name": "restaurants-signin",
          "request": {
            "method": "GET",
            "header": []
          },
          "response": []
        },
        {
          "name": "restaurants-categories-upload",
          "request": {
            "method": "GET",
            "header": []
          },
          "response": []
        },
        {
          "name": "restaurants-category-images",
          "request": {
            "method": "GET",
            "header": []
          },
          "response": []
        },
        {
          "name": "restaurants-get-profile",
          "request": {
            "method": "GET",
            "header": []
          },
          "response": []
        },
        {
          "name": "restaurants-update-profile",
          "request": {
            "method": "GET",
            "header": []
          },
          "response": []
        }
      ]
    },
    {
      "name": "signup-users",
      "request": {
        "method": "GET",
        "header": []
      },
      "response": []
    },
    {
      "name": "signin-users",
      "request": {
        "method": "GET",
        "header": []
      },
      "response": []
    },
    {
      "name": "users-address-add",
      "request": {
        "method": "GET",
        "header": []
      },
      "response": []
    },
    {
      "name": "users-address-delete",
      "request": {
        "method": "GET",
        "header": []
      },
      "response": []
    },
    {
      "name": "users-get-all-restaurants",
      "request": {
        "method": "GET",
        "header": []
      },
      "response": []
    },
    {
      "name": "users-get-coupons-for-particular-restau",
      "request": {
        "method": "GET",
        "header": []
      },
      "response": []
    },
    {
      "name": "users-get-menu_items",
      "request": {
        "method": "GET",
        "header": []
      },
      "response": []
    },
    {
      "name": "users-get-all-users",
      "request": {
        "method": "GET",
        "header": []
      },
      "response": []
    }
  ],
  "event": [
    {
      "listen": "prerequest",
      "script": {
        "type": "text/javascript",
        "packages": {},
        "requests": {},
        "exec": [
          ""
        ]
      }
    },
    {
      "listen": "test",
      "script": {
        "type": "text/javascript",
        "packages": {},
        "requests": {},
        "exec": [
          ""
        ]
      }
    }
  ],
  "variable": [
    {
      "key": "URL",
      "value": ""
    },
    {
      "key": "TOKEN",
      "value": ""
    },
    {
      "key": "REST-TOKEN",
      "value": ""
    }
  ]
}